Algorithm,Strategy,Number of Optimization Trials,Best Val NDCG@20,Test NDCG@10,Test NDCG@20,Test Precision@10,Test Precision@20,Final Train Time (s),Best Params
ALS_factors=10,sigmoid_propensity,20,0.01420623831164111,0.010262791035794907,0.01379590558692294,0.019053075429758475,0.03190240016130579,15.225609540939331,"{'p': 1.8180578183689358, 'beta': 0.24503224983716337}"
