Algorithm,Strategy,Number of Optimization Trials,Best Val NDCG@20,Test NDCG@10,Test NDCG@20,Test Precision@10,Test Precision@20,Final Train Time (s),Best Params
KNN_k=20,no_weighting,1,0.03317366163332138,0.032947051224704545,0.039045955145524135,0.054574371820684954,0.0773326022115614,2.6594269275665283,{}
