Algorithm,Strategy,Number of Optimization Trials,Best Val NDCG@20,Test NDCG@10,Test NDCG@20,Test Precision@10,Test Precision@20,Final Train Time (s),Best Params
KNN_k=20,tfidf,1,0.04625727221801684,0.04315287022226904,0.05184948395088367,0.0743550359156763,0.10770382683233296,2.658919095993042,{}
