Algorithm,Strategy,Number of Optimization Trials,Best Val NDCG@20,Test NDCG@10,Test NDCG@20,Test Precision@10,Test Precision@20,Final Train Time (s),Best Params
KNN_k=20,log,1,0.13983063505203577,0.1315881197326309,0.1579172507207643,0.14148177380305293,0.20461534865930522,3.9548847675323486,{}
