Algorithm,Strategy,Number of Optimization Trials,Best Val NDCG@20,Test NDCG@10,Test NDCG@20,Test Precision@10,Test Precision@20,Final Train Time (s),Best Params
ALS_factors=100,log,1,0.2694546916941212,0.32750311732189213,0.34736807421996924,0.3461982516905822,0.37742775935575557,0.2162919044494629,{}
