Algorithm,Strategy,Number of Optimization Trials,Best Val NDCG@20,Test NDCG@10,Test NDCG@20,Test Precision@10,Test Precision@20,Final Train Time (s),Best Params
ALS_factors=100,tfidf,1,0.24207471890741755,0.2891711380274089,0.3138278776347752,0.30183077684314696,0.33526764566556133,0.22136592864990234,{}
