Algorithm,Strategy,Number of Optimization Trials,Best Val NDCG@20,Test NDCG@10,Test NDCG@20,Test Precision@10,Test Precision@20,Final Train Time (s),Best Params
ALS_factors=10,power,20,0.11237723367372499,0.09961153289606621,0.12222832821737224,0.11154284758588734,0.16594471682636208,4.212360143661499,{'power_p': 0.695635863899009}
