Algorithm,Strategy,Number of Optimization Trials,Best Val NDCG@20,Test NDCG@10,Test NDCG@20,Test Precision@10,Test Precision@20,Final Train Time (s),Best Params
KNN_k=20,tfidf,1,0.13026562279973605,0.1252310499784973,0.1496814250489155,0.1337975773245181,0.19232025501103875,3.947441816329956,{}
