Algorithm,Strategy,Number of Optimization Trials,Best Val NDCG@20,Test NDCG@10,Test NDCG@20,Test Precision@10,Test Precision@20,Final Train Time (s),Best Params
ALS_factors=10,tfidf,1,0.19965452106232576,0.23335709117394518,0.24383397464115172,0.25520622154275646,0.2802600492251695,4.313085556030273,{}
