Algorithm,Strategy,Number of Optimization Trials,Best Val NDCG@20,Test NDCG@10,Test NDCG@20,Test Precision@10,Test Precision@20,Final Train Time (s),Best Params
ALS_factors=100,tfidf,1,0.25647876048547885,0.303987647228043,0.3191194442053369,0.3230759856869066,0.35078767319060694,10.85950255393982,{}
