Algorithm,Strategy,Number of Optimization Trials,Best Val NDCG@20,Test NDCG@10,Test NDCG@20,Test Precision@10,Test Precision@20,Final Train Time (s),Best Params
KNN_k=20,bm25,20,0.047995097651819675,0.043465684138349954,0.05227136141984748,0.07439690939355544,0.10790680307118984,0.7037224769592285,"{'bm25_k1': 5.70943264168309, 'bm25_b': 0.6801386808846791}"
