Algorithm,Strategy,Number of Optimization Trials,Best Val NDCG@20,Test NDCG@10,Test NDCG@20,Test Precision@10,Test Precision@20,Final Train Time (s),Best Params
KNN_k=20,log,1,0.04454237791769868,0.040928712833589925,0.04882769177028472,0.06996125356834111,0.10075666574770588,0.6942954063415527,{}
