Algorithm,Strategy,Number of Optimization Trials,Best Val NDCG@20,Test NDCG@10,Test NDCG@20,Test Precision@10,Test Precision@20,Final Train Time (s),Best Params
KNN_k=20,no_weighting,1,0.022315868292687932,0.022292272060343565,0.026283194077213367,0.03579786837594097,0.050610024970920486,0.7625608444213867,{}
