Algorithm,Strategy,Number of Optimization Trials,Best Val NDCG@20,Test NDCG@10,Test NDCG@20,Test Precision@10,Test Precision@20,Final Train Time (s),Best Params
KNN_k=20,confidence,10,0.051667590052117206,0.04568438480887713,0.05521676872303032,0.07885260809204916,0.11522913536654036,2.6771469116210938,{'conf_alpha': 39.30074639498613}
