Algorithm,Strategy,Number of Optimization Trials,Best Val NDCG@20,Test NDCG@10,Test NDCG@20,Test Precision@10,Test Precision@20,Final Train Time (s),Best Params
KNN_k=20,log,1,0.049217863420257676,0.045598346515313866,0.054934815380711564,0.07872404919255313,0.11466677813814759,2.669255018234253,{}
