Algorithm,Strategy,Number of Optimization Trials,Best Val NDCG@20,Test NDCG@10,Test NDCG@20,Test Precision@10,Test Precision@20,Final Train Time (s),Best Params
ALS_factors=100,tfidf,1,0.054623041268643,0.0500077971896865,0.0607598380208696,0.08659473833539351,0.12803819209650807,52.58611011505127,{}
