Algorithm,Strategy,Number of Optimization Trials,Best Val NDCG@20,Test NDCG@10,Test NDCG@20,Test Precision@10,Test Precision@20,Final Train Time (s),Best Params
KNN_k=20,log,1,0.23424453370163362,0.26897126415485606,0.2838919073784589,0.2881411842322283,0.317621980104216,0.02006363868713379,{}
