Algorithm,Strategy,Number of Optimization Trials,Best Val NDCG@20,Test NDCG@10,Test NDCG@20,Test Precision@10,Test Precision@20,Final Train Time (s),Best Params
KNN_k=100,tfidf,1,0.18473188064541968,0.2147962942436433,0.22406191916763674,0.2304529894645884,0.25285025947756795,3.143268346786499,{}
